{
    "loss": 17.644365310668945,
    "accuracy": 0.6666666865348816
}