{
    "loss": 1.129361629486084,
    "accuracy": 0.8627451062202454
}